elenco_id,video_owner,giocatore,punti_totali,punteggi_singole_gare,num_gare,titolo,link
1,Dread,Delux,49,"7,15,12,15",4,"SDROGO CORSE LEGGENDARIE NEL 2025 con Dread, Rohn, Gabbo, Masseo, Delux",https://www.youtube.com/watch?v=0_i2q74PrTk&list=PLpjVtignIWXX7r8liGH4Ip4-yw1mLkfIA&index=1&t=2s
1,Dread,Rohn,42,"8,12,10,12",4,"SDROGO CORSE LEGGENDARIE NEL 2025 con Dread, Rohn, Gabbo, Masseo, Delux",https://www.youtube.com/watch?v=0_i2q74PrTk&list=PLpjVtignIWXX7r8liGH4Ip4-yw1mLkfIA&index=1&t=2s
1,Dread,Dread,38,"15,8,15,0",4,"SDROGO CORSE LEGGENDARIE NEL 2025 con Dread, Rohn, Gabbo, Masseo, Delux",https://www.youtube.com/watch?v=0_i2q74PrTk&list=PLpjVtignIWXX7r8liGH4Ip4-yw1mLkfIA&index=1&t=2s
1,Dread,Gabbo,38,"10,10,8,10",4,"SDROGO CORSE LEGGENDARIE NEL 2025 con Dread, Rohn, Gabbo, Masseo, Delux",https://www.youtube.com/watch?v=0_i2q74PrTk&list=PLpjVtignIWXX7r8liGH4Ip4-yw1mLkfIA&index=1&t=2s
1,Dread,Masseo,20,"12,0,0,8",4,"SDROGO CORSE LEGGENDARIE NEL 2025 con Dread, Rohn, Gabbo, Masseo, Delux",https://www.youtube.com/watch?v=0_i2q74PrTk&list=PLpjVtignIWXX7r8liGH4Ip4-yw1mLkfIA&index=1&t=2s
2,Masseo,Gabbo,38,"15,15,8",3,GHSBR CORSE ARRABBIATISSIME con @AroundDread @justrohn @oDeluxx @GaBBoDSQ [IlMasseo],https://www.youtube.com/watch?v=XW2_uBlwT-k&list=PLpjVtignIWXX7r8liGH4Ip4-yw1mLkfIA&index=2&t=1248s
2,Masseo,Rohn,37,"12,10,15",3,GHSBR CORSE ARRABBIATISSIME con @AroundDread @justrohn @oDeluxx @GaBBoDSQ [IlMasseo],https://www.youtube.com/watch?v=XW2_uBlwT-k&list=PLpjVtignIWXX7r8liGH4Ip4-yw1mLkfIA&index=2&t=1248s
2,Masseo,Dread,30,"8,12,10",3,GHSBR CORSE ARRABBIATISSIME con @AroundDread @justrohn @oDeluxx @GaBBoDSQ [IlMasseo],https://www.youtube.com/watch?v=XW2_uBlwT-k&list=PLpjVtignIWXX7r8liGH4Ip4-yw1mLkfIA&index=2&t=1248s
2,Masseo,Masseo,19,"7,0,12",3,GHSBR CORSE ARRABBIATISSIME con @AroundDread @justrohn @oDeluxx @GaBBoDSQ [IlMasseo],https://www.youtube.com/watch?v=XW2_uBlwT-k&list=PLpjVtignIWXX7r8liGH4Ip4-yw1mLkfIA&index=2&t=1248s
2,Masseo,Delux,17,"10,0,7",3,GHSBR CORSE ARRABBIATISSIME con @AroundDread @justrohn @oDeluxx @GaBBoDSQ [IlMasseo],https://www.youtube.com/watch?v=XW2_uBlwT-k&list=PLpjVtignIWXX7r8liGH4Ip4-yw1mLkfIA&index=2&t=1248s
3,Delux,Marza,52,"12,10,15,15",4,WELCOME (BACK) TO ADDOBBOLAND! #28 @justrohn @TheRealMarzaa @ilMasseo @Dreadd,https://www.youtube.com/watch?v=BDf5E96yxSY&list=PLpjVtignIWXX7r8liGH4Ip4-yw1mLkfIA&index=3
3,Delux,Delux,40,"15,15,10,0",4,WELCOME (BACK) TO ADDOBBOLAND! #28 @justrohn @TheRealMarzaa @ilMasseo @Dreadd,https://www.youtube.com/watch?v=BDf5E96yxSY&list=PLpjVtignIWXX7r8liGH4Ip4-yw1mLkfIA&index=3
3,Delux,Dread,30,"8,0,12,10",4,WELCOME (BACK) TO ADDOBBOLAND! #28 @justrohn @TheRealMarzaa @ilMasseo @Dreadd,https://www.youtube.com/watch?v=BDf5E96yxSY&list=PLpjVtignIWXX7r8liGH4Ip4-yw1mLkfIA&index=3
3,Delux,Masseo,30,"10,0,8,12",4,WELCOME (BACK) TO ADDOBBOLAND! #28 @justrohn @TheRealMarzaa @ilMasseo @Dreadd,https://www.youtube.com/watch?v=BDf5E96yxSY&list=PLpjVtignIWXX7r8liGH4Ip4-yw1mLkfIA&index=3
3,Delux,Rohn,12,"0,12,0,0",4,WELCOME (BACK) TO ADDOBBOLAND! #28 @justrohn @TheRealMarzaa @ilMasseo @Dreadd,https://www.youtube.com/watch?v=BDf5E96yxSY&list=PLpjVtignIWXX7r8liGH4Ip4-yw1mLkfIA&index=3
4,Rohn,Delux,57,"15,15,15,12",4,"IL RITORNO DELLE SDROGO CORSE nel 2025 con ROHN,DREAD,MARZA,DELUX e il MASSEO",https://www.youtube.com/watch?v=bGft187tV-k&list=PLpjVtignIWXX7r8liGH4Ip4-yw1mLkfIA&index=4
4,Rohn,Rohn,41,"12,7,7,15",4,"IL RITORNO DELLE SDROGO CORSE nel 2025 con ROHN,DREAD,MARZA,DELUX e il MASSEO",https://www.youtube.com/watch?v=bGft187tV-k&list=PLpjVtignIWXX7r8liGH4Ip4-yw1mLkfIA&index=4
4,Rohn,Dread,33,"10,8,8,7",4,"IL RITORNO DELLE SDROGO CORSE nel 2025 con ROHN,DREAD,MARZA,DELUX e il MASSEO",https://www.youtube.com/watch?v=bGft187tV-k&list=PLpjVtignIWXX7r8liGH4Ip4-yw1mLkfIA&index=4
4,Rohn,Marza,32,"0,12,10,10",4,"IL RITORNO DELLE SDROGO CORSE nel 2025 con ROHN,DREAD,MARZA,DELUX e il MASSEO",https://www.youtube.com/watch?v=bGft187tV-k&list=PLpjVtignIWXX7r8liGH4Ip4-yw1mLkfIA&index=4
4,Rohn,Masseo,30,"0,10,12,8",4,"IL RITORNO DELLE SDROGO CORSE nel 2025 con ROHN,DREAD,MARZA,DELUX e il MASSEO",https://www.youtube.com/watch?v=bGft187tV-k&list=PLpjVtignIWXX7r8liGH4Ip4-yw1mLkfIA&index=4
5,Gabbo,Mollu,45,"15,10,10,10",4,LE FANTASTICHE E INCREDIBILI SDROGO CORSE NEL 2025,https://www.youtube.com/watch?v=1rxKCIrFJxU&list=PLpjVtignIWXX7r8liGH4Ip4-yw1mLkfIA&index=5
5,Gabbo,Rohn,42,"12,15,0,15",4,LE FANTASTICHE E INCREDIBILI SDROGO CORSE NEL 2025,https://www.youtube.com/watch?v=1rxKCIrFJxU&list=PLpjVtignIWXX7r8liGH4Ip4-yw1mLkfIA&index=5
5,Gabbo,Masseo,37,"10,7,12,8",4,LE FANTASTICHE E INCREDIBILI SDROGO CORSE NEL 2025,https://www.youtube.com/watch?v=1rxKCIrFJxU&list=PLpjVtignIWXX7r8liGH4Ip4-yw1mLkfIA&index=5
5,Gabbo,Dread,31,"8,8,15,0",4,LE FANTASTICHE E INCREDIBILI SDROGO CORSE NEL 2025,https://www.youtube.com/watch?v=1rxKCIrFJxU&list=PLpjVtignIWXX7r8liGH4Ip4-yw1mLkfIA&index=5
5,Gabbo,Gabbo,24,"0,12,0,12",4,LE FANTASTICHE E INCREDIBILI SDROGO CORSE NEL 2025,https://www.youtube.com/watch?v=1rxKCIrFJxU&list=PLpjVtignIWXX7r8liGH4Ip4-yw1mLkfIA&index=5
6,Masseo,Delux,53,"15,8,15,15",4,GHSBR CORSE IN VOGA con @AroundDread @JustRoHn7 @oDeluxx @GaBBoDSQ,https://www.youtube.com/watch?v=RgLeHNp46MA&list=PLpjVtignIWXX7r8liGH4Ip4-yw1mLkfIA&index=6&t=370s
6,Masseo,Gabbo,39,"10,7,10,12",4,GHSBR CORSE IN VOGA con @AroundDread @JustRoHn7 @oDeluxx @GaBBoDSQ,https://www.youtube.com/watch?v=RgLeHNp46MA&list=PLpjVtignIWXX7r8liGH4Ip4-yw1mLkfIA&index=6&t=370s
6,Masseo,Dread,34,"7,15,12,0",4,GHSBR CORSE IN VOGA con @AroundDread @JustRoHn7 @oDeluxx @GaBBoDSQ,https://www.youtube.com/watch?v=RgLeHNp46MA&list=PLpjVtignIWXX7r8liGH4Ip4-yw1mLkfIA&index=6&t=370s
6,Masseo,Rohn,28,"8,10,0,10",4,GHSBR CORSE IN VOGA con @AroundDread @JustRoHn7 @oDeluxx @GaBBoDSQ,https://www.youtube.com/watch?v=RgLeHNp46MA&list=PLpjVtignIWXX7r8liGH4Ip4-yw1mLkfIA&index=6&t=370s
6,Masseo,Masseo,24,"12,12,0,0",4,GHSBR CORSE IN VOGA con @AroundDread @JustRoHn7 @oDeluxx @GaBBoDSQ,https://www.youtube.com/watch?v=RgLeHNp46MA&list=PLpjVtignIWXX7r8liGH4Ip4-yw1mLkfIA&index=6&t=370s
7,Rohn,Dread,47,"10,15,7,15",4,"SDROGO CORSE - CI INSULTIAMO GUIDANDO BUS w/ROHN,DREAD,GABBO,DELUX e il MASSEO",https://www.youtube.com/watch?v=Ge7H8AxatCw&list=PLpjVtignIWXX7r8liGH4Ip4-yw1mLkfIA&index=7&t=447s
7,Rohn,Gabbo,44,"12,10,15,7",4,"SDROGO CORSE - CI INSULTIAMO GUIDANDO BUS w/ROHN,DREAD,GABBO,DELUX e il MASSEO",https://www.youtube.com/watch?v=Ge7H8AxatCw&list=PLpjVtignIWXX7r8liGH4Ip4-yw1mLkfIA&index=7&t=447s
7,Rohn,Delux,43,"15,12,8,8",4,"SDROGO CORSE - CI INSULTIAMO GUIDANDO BUS w/ROHN,DREAD,GABBO,DELUX e il MASSEO",https://www.youtube.com/watch?v=Ge7H8AxatCw&list=PLpjVtignIWXX7r8liGH4Ip4-yw1mLkfIA&index=7&t=447s
7,Rohn,Masseo,37,"9,7,10,12",4,"SDROGO CORSE - CI INSULTIAMO GUIDANDO BUS w/ROHN,DREAD,GABBO,DELUX e il MASSEO",https://www.youtube.com/watch?v=Ge7H8AxatCw&list=PLpjVtignIWXX7r8liGH4Ip4-yw1mLkfIA&index=7&t=447s
7,Rohn,Rohn,30,"0,8,12,10",4,"SDROGO CORSE - CI INSULTIAMO GUIDANDO BUS w/ROHN,DREAD,GABBO,DELUX e il MASSEO",https://www.youtube.com/watch?v=Ge7H8AxatCw&list=PLpjVtignIWXX7r8liGH4Ip4-yw1mLkfIA&index=7&t=447s
8,Gabbo,Delux,53,"8,15,15,15",4,"Le SDROGO CORSE PARKOUR con i KART e FACCIO ARRABBIARE ROHN - w/Rohn, Dread, Delu, Mollu",https://www.youtube.com/watch?v=GWm_VLTHkro&list=PLpjVtignIWXX7r8liGH4Ip4-yw1mLkfIA&index=8
8,Gabbo,Rohn,44,"10,10,12,12",4,"Le SDROGO CORSE PARKOUR con i KART e FACCIO ARRABBIARE ROHN - w/Rohn, Dread, Delu, Mollu",https://www.youtube.com/watch?v=GWm_VLTHkro&list=PLpjVtignIWXX7r8liGH4Ip4-yw1mLkfIA&index=8
8,Gabbo,Mollu,34,"15,12,0,7",4,"Le SDROGO CORSE PARKOUR con i KART e FACCIO ARRABBIARE ROHN - w/Rohn, Dread, Delu, Mollu",https://www.youtube.com/watch?v=GWm_VLTHkro&list=PLpjVtignIWXX7r8liGH4Ip4-yw1mLkfIA&index=8
8,Gabbo,Gabbo,23,"7,8,0,8",4,"Le SDROGO CORSE PARKOUR con i KART e FACCIO ARRABBIARE ROHN - w/Rohn, Dread, Delu, Mollu",https://www.youtube.com/watch?v=GWm_VLTHkro&list=PLpjVtignIWXX7r8liGH4Ip4-yw1mLkfIA&index=8
8,Gabbo,Dread,10,"0,0,0,10",4,"Le SDROGO CORSE PARKOUR con i KART e FACCIO ARRABBIARE ROHN - w/Rohn, Dread, Delu, Mollu",https://www.youtube.com/watch?v=GWm_VLTHkro&list=PLpjVtignIWXX7r8liGH4Ip4-yw1mLkfIA&index=8
9,Dread,Masseo,48,"8,15,15,10",4,SDROGO CORSE FALLIMENTARI con Dread - Rohn - Masseo - Delux - Mollu,https://www.youtube.com/watch?v=16UaRMlB1K8&list=PLpjVtignIWXX7r8liGH4Ip4-yw1mLkfIA&index=9&t=177s
9,Dread,Delux,46,"12,12,7,15",4,SDROGO CORSE FALLIMENTARI con Dread - Rohn - Masseo - Delux - Mollu,https://www.youtube.com/watch?v=16UaRMlB1K8&list=PLpjVtignIWXX7r8liGH4Ip4-yw1mLkfIA&index=9&t=177s
9,Dread,Mollu,45,"15,10,8,12",4,SDROGO CORSE FALLIMENTARI con Dread - Rohn - Masseo - Delux - Mollu,https://www.youtube.com/watch?v=16UaRMlB1K8&list=PLpjVtignIWXX7r8liGH4Ip4-yw1mLkfIA&index=9&t=177s
9,Dread,Rohn,30,"10,8,12,0",4,SDROGO CORSE FALLIMENTARI con Dread - Rohn - Masseo - Delux - Mollu,https://www.youtube.com/watch?v=16UaRMlB1K8&list=PLpjVtignIWXX7r8liGH4Ip4-yw1mLkfIA&index=9&t=177s
9,Dread,Dread,24,"7,7,10,0",4,SDROGO CORSE FALLIMENTARI con Dread - Rohn - Masseo - Delux - Mollu,https://www.youtube.com/watch?v=16UaRMlB1K8&list=PLpjVtignIWXX7r8liGH4Ip4-yw1mLkfIA&index=9&t=177s
10,Delux,Delux,52,"15,15,7,15",4,IL RITORNO DELLE PANTO! - WELCOME TO ADDOBBOLAND #29,https://www.youtube.com/watch?v=zDH1bojXYgc&list=PLpjVtignIWXX7r8liGH4Ip4-yw1mLkfIA&index=10&t=282s
10,Delux,Masseo,35,"8,0,15,12",4,IL RITORNO DELLE PANTO! - WELCOME TO ADDOBBOLAND #29,https://www.youtube.com/watch?v=zDH1bojXYgc&list=PLpjVtignIWXX7r8liGH4Ip4-yw1mLkfIA&index=10&t=282s
10,Delux,Rohn,32,"10,10,12,0",4,IL RITORNO DELLE PANTO! - WELCOME TO ADDOBBOLAND #29,https://www.youtube.com/watch?v=zDH1bojXYgc&list=PLpjVtignIWXX7r8liGH4Ip4-yw1mLkfIA&index=10&t=282s
10,Delux,Dread,30,"12,0,8,10",4,IL RITORNO DELLE PANTO! - WELCOME TO ADDOBBOLAND #29,https://www.youtube.com/watch?v=zDH1bojXYgc&list=PLpjVtignIWXX7r8liGH4Ip4-yw1mLkfIA&index=10&t=282s
10,Delux,Mollu,29,"7,12,10,0",4,IL RITORNO DELLE PANTO! - WELCOME TO ADDOBBOLAND #29,https://www.youtube.com/watch?v=zDH1bojXYgc&list=PLpjVtignIWXX7r8liGH4Ip4-yw1mLkfIA&index=10&t=282s
11,Rohn,Rohn,60,"15,15,15,15",4,"SDROGO CORSE di HALLOWEEN - ROHN IMBROGLIA E VIENE SMASCHERATO?! w/ROHN,DREAD,GABBO,DELUX e JTAZ",https://www.youtube.com/watch?v=extcj7LK0gI&list=PLpjVtignIWXX7r8liGH4Ip4-yw1mLkfIA&index=11
11,Rohn,JTaz,38,"7,12,7,12",4,"SDROGO CORSE di HALLOWEEN - ROHN IMBROGLIA E VIENE SMASCHERATO?! w/ROHN,DREAD,GABBO,DELUX e JTAZ",https://www.youtube.com/watch?v=extcj7LK0gI&list=PLpjVtignIWXX7r8liGH4Ip4-yw1mLkfIA&index=11
11,Rohn,Delux,37,"12,7,8,10",4,"SDROGO CORSE di HALLOWEEN - ROHN IMBROGLIA E VIENE SMASCHERATO?! w/ROHN,DREAD,GABBO,DELUX e JTAZ",https://www.youtube.com/watch?v=extcj7LK0gI&list=PLpjVtignIWXX7r8liGH4Ip4-yw1mLkfIA&index=11
11,Rohn,Dread,30,"8,10,12,0",4,"SDROGO CORSE di HALLOWEEN - ROHN IMBROGLIA E VIENE SMASCHERATO?! w/ROHN,DREAD,GABBO,DELUX e JTAZ",https://www.youtube.com/watch?v=extcj7LK0gI&list=PLpjVtignIWXX7r8liGH4Ip4-yw1mLkfIA&index=11
11,Rohn,Gabbo,28,"10,8,10,0",4,"SDROGO CORSE di HALLOWEEN - ROHN IMBROGLIA E VIENE SMASCHERATO?! w/ROHN,DREAD,GABBO,DELUX e JTAZ",https://www.youtube.com/watch?v=extcj7LK0gI&list=PLpjVtignIWXX7r8liGH4Ip4-yw1mLkfIA&index=11
12,Delux,Delux,45,"8,15,12,10",4,MAI STATI COSI ARRABBIATI! - WELCOME TO ADDOBBOLAND #30,https://www.youtube.com/watch?v=NENwDb7-ZKg&list=PLpjVtignIWXX7r8liGH4Ip4-yw1mLkfIA&index=12
12,Delux,Rohn,42,"15,10,10,7",4,MAI STATI COSI ARRABBIATI! - WELCOME TO ADDOBBOLAND #30,https://www.youtube.com/watch?v=NENwDb7-ZKg&list=PLpjVtignIWXX7r8liGH4Ip4-yw1mLkfIA&index=12
12,Delux,Gabbo,42,"12,0,15,15",4,MAI STATI COSI ARRABBIATI! - WELCOME TO ADDOBBOLAND #30,https://www.youtube.com/watch?v=NENwDb7-ZKg&list=PLpjVtignIWXX7r8liGH4Ip4-yw1mLkfIA&index=12
12,Delux,Mollu,31,"7,12,0,12",4,MAI STATI COSI ARRABBIATI! - WELCOME TO ADDOBBOLAND #30,https://www.youtube.com/watch?v=NENwDb7-ZKg&list=PLpjVtignIWXX7r8liGH4Ip4-yw1mLkfIA&index=12
12,Delux,Masseo,22,"6,8,8,0",4,MAI STATI COSI ARRABBIATI! - WELCOME TO ADDOBBOLAND #30,https://www.youtube.com/watch?v=NENwDb7-ZKg&list=PLpjVtignIWXX7r8liGH4Ip4-yw1mLkfIA&index=12
12,Delux,Dread,18,"10,0,0,8",4,MAI STATI COSI ARRABBIATI! - WELCOME TO ADDOBBOLAND #30,https://www.youtube.com/watch?v=NENwDb7-ZKg&list=PLpjVtignIWXX7r8liGH4Ip4-yw1mLkfIA&index=12
13,Masseo,Gabbo,42,"15,15,0,12",4,GHSBR CORSE FATATE 🧚‍♀️,https://www.youtube.com/watch?v=dIiZrO_x2iE&list=PLpjVtignIWXX7r8liGH4Ip4-yw1mLkfIA&index=13
13,Masseo,Dread,40,"10,12,10,8",4,GHSBR CORSE FATATE 🧚‍♀️,https://www.youtube.com/watch?v=dIiZrO_x2iE&list=PLpjVtignIWXX7r8liGH4Ip4-yw1mLkfIA&index=13
13,Masseo,Mollu,33,"8,10,0,15",4,GHSBR CORSE FATATE 🧚‍♀️,https://www.youtube.com/watch?v=dIiZrO_x2iE&list=PLpjVtignIWXX7r8liGH4Ip4-yw1mLkfIA&index=13
13,Masseo,Rohn,30,"12,6,12,0",4,GHSBR CORSE FATATE 🧚‍♀️,https://www.youtube.com/watch?v=dIiZrO_x2iE&list=PLpjVtignIWXX7r8liGH4Ip4-yw1mLkfIA&index=13
13,Masseo,Delux,30,"7,8,15,0",4,GHSBR CORSE FATATE 🧚‍♀️,https://www.youtube.com/watch?v=dIiZrO_x2iE&list=PLpjVtignIWXX7r8liGH4Ip4-yw1mLkfIA&index=13
13,Masseo,Masseo,17,"0,7,0,10",4,GHSBR CORSE FATATE 🧚‍♀️,https://www.youtube.com/watch?v=dIiZrO_x2iE&list=PLpjVtignIWXX7r8liGH4Ip4-yw1mLkfIA&index=13
14,Gabbo,Rohn,44,"12,10,12,10",4,LE SDROGO CORSE piu DIFFICILI da PUBBLICARE da quando ho memoria,https://www.youtube.com/watch?v=pmRl7DvLveo&list=PLpjVtignIWXX7r8liGH4Ip4-yw1mLkfIA&index=14&t=27s
14,Gabbo,Masseo,37,"10,8,7,12",4,LE SDROGO CORSE piu DIFFICILI da PUBBLICARE da quando ho memoria,https://www.youtube.com/watch?v=pmRl7DvLveo&list=PLpjVtignIWXX7r8liGH4Ip4-yw1mLkfIA&index=14&t=27s
14,Gabbo,Delux,36,"0,6,15,15",4,LE SDROGO CORSE piu DIFFICILI da PUBBLICARE da quando ho memoria,https://www.youtube.com/watch?v=pmRl7DvLveo&list=PLpjVtignIWXX7r8liGH4Ip4-yw1mLkfIA&index=14&t=27s
14,Gabbo,Gabbo,27,"7,12,8,0",4,LE SDROGO CORSE piu DIFFICILI da PUBBLICARE da quando ho memoria,https://www.youtube.com/watch?v=pmRl7DvLveo&list=PLpjVtignIWXX7r8liGH4Ip4-yw1mLkfIA&index=14&t=27s
15,Masseo,Mollu,50,"10,15,10,15",4,Le GHSBR CORSE più AFFOLLATE di SEMPRE Ⓜ️ [ilMasseo],https://www.youtube.com/watch?v=fgL5IxRwvhI&list=PLpjVtignIWXX7r8liGH4Ip4-yw1mLkfIA&index=15
15,Masseo,Masseo,40,"12,12,6,10",4,Le GHSBR CORSE più AFFOLLATE di SEMPRE Ⓜ️ [ilMasseo],https://www.youtube.com/watch?v=fgL5IxRwvhI&list=PLpjVtignIWXX7r8liGH4Ip4-yw1mLkfIA&index=15
15,Masseo,Delux,30,"0,10,12,8",4,Le GHSBR CORSE più AFFOLLATE di SEMPRE Ⓜ️ [ilMasseo],https://www.youtube.com/watch?v=fgL5IxRwvhI&list=PLpjVtignIWXX7r8liGH4Ip4-yw1mLkfIA&index=15
15,Masseo,Dread,30,"15,8,7,0",4,Le GHSBR CORSE più AFFOLLATE di SEMPRE Ⓜ️ [ilMasseo],https://www.youtube.com/watch?v=fgL5IxRwvhI&list=PLpjVtignIWXX7r8liGH4Ip4-yw1mLkfIA&index=15
15,Masseo,Gabbo,27,"0,0,15,12",4,Le GHSBR CORSE più AFFOLLATE di SEMPRE Ⓜ️ [ilMasseo],https://www.youtube.com/watch?v=fgL5IxRwvhI&list=PLpjVtignIWXX7r8liGH4Ip4-yw1mLkfIA&index=15
15,Masseo,Rohn,14,"0,6,8,0",4,Le GHSBR CORSE più AFFOLLATE di SEMPRE Ⓜ️ [ilMasseo],https://www.youtube.com/watch?v=fgL5IxRwvhI&list=PLpjVtignIWXX7r8liGH4Ip4-yw1mLkfIA&index=15
15,Masseo,JTaz,7,"0,0,7,0",4,Le GHSBR CORSE più AFFOLLATE di SEMPRE Ⓜ️ [ilMasseo],https://www.youtube.com/watch?v=fgL5IxRwvhI&list=PLpjVtignIWXX7r8liGH4Ip4-yw1mLkfIA&index=15
16,Dread,Delux,49,"15,12,10,12",4,"SDROGO CORSE RITARDATARIE con Dread, Rohn, Gabbo, Delux, JTaz",https://www.youtube.com/watch?v=VKVL1S3cSqo&list=PLpjVtignIWXX7r8liGH4Ip4-yw1mLkfIA&index=16&t=37s
16,Dread,Gabbo,44,"12,10,15,7",4,"SDROGO CORSE RITARDATARIE con Dread, Rohn, Gabbo, Delux, JTaz",https://www.youtube.com/watch?v=VKVL1S3cSqo&list=PLpjVtignIWXX7r8liGH4Ip4-yw1mLkfIA&index=16&t=37s
16,Dread,Dread,43,"8,8,12,15",4,"SDROGO CORSE RITARDATARIE con Dread, Rohn, Gabbo, Delux, JTaz",https://www.youtube.com/watch?v=VKVL1S3cSqo&list=PLpjVtignIWXX7r8liGH4Ip4-yw1mLkfIA&index=16&t=37s
16,Dread,Rohn,40,"10,15,7,8",4,"SDROGO CORSE RITARDATARIE con Dread, Rohn, Gabbo, Delux, JTaz",https://www.youtube.com/watch?v=VKVL1S3cSqo&list=PLpjVtignIWXX7r8liGH4Ip4-yw1mLkfIA&index=16&t=37s
16,Dread,JTaz,32,"7,7,8,10",4,"SDROGO CORSE RITARDATARIE con Dread, Rohn, Gabbo, Delux, JTaz",https://www.youtube.com/watch?v=VKVL1S3cSqo&list=PLpjVtignIWXX7r8liGH4Ip4-yw1mLkfIA&index=16&t=37s
17,Masseo,Mollu,45,"10,12,8,15",4,GHSBR CORSE del DEGHEJO 👹,https://www.youtube.com/watch?v=1KcLFtjWXKw&list=PLpjVtignIWXX7r8liGH4Ip4-yw1mLkfIA&index=17&t=991s
17,Masseo,Rohn,38,"8,8,12,10",4,GHSBR CORSE del DEGHEJO 👹,https://www.youtube.com/watch?v=1KcLFtjWXKw&list=PLpjVtignIWXX7r8liGH4Ip4-yw1mLkfIA&index=17&t=991s
17,Masseo,Masseo,35,"15,10,10,0",4,GHSBR CORSE del DEGHEJO 👹,https://www.youtube.com/watch?v=1KcLFtjWXKw&list=PLpjVtignIWXX7r8liGH4Ip4-yw1mLkfIA&index=17&t=991s
17,Masseo,JTaz,35,"15,0,15,8",4,GHSBR CORSE del DEGHEJO 👹,https://www.youtube.com/watch?v=1KcLFtjWXKw&list=PLpjVtignIWXX7r8liGH4Ip4-yw1mLkfIA&index=17&t=991s
17,Masseo,Dread,34,"0,15,7,12",4,GHSBR CORSE del DEGHEJO 👹,https://www.youtube.com/watch?v=1KcLFtjWXKw&list=PLpjVtignIWXX7r8liGH4Ip4-yw1mLkfIA&index=17&t=991s
18,Masseo,Delux,50,"8,12,15,15",4,GHSBR CORSE NATALIZIE 🎄🎅🏻🛷,https://www.youtube.com/watch?v=1-37_zgEGSw&list=PLpjVtignIWXX7r8liGH4Ip4-yw1mLkfIA&index=18
18,Masseo,Masseo,47,"15,10,12,10",4,GHSBR CORSE NATALIZIE 🎄🎅🏻🛷,https://www.youtube.com/watch?v=1-37_zgEGSw&list=PLpjVtignIWXX7r8liGH4Ip4-yw1mLkfIA&index=18
18,Masseo,Rohn,37,"10,15,0,12",4,GHSBR CORSE NATALIZIE 🎄🎅🏻🛷,https://www.youtube.com/watch?v=1-37_zgEGSw&list=PLpjVtignIWXX7r8liGH4Ip4-yw1mLkfIA&index=18
18,Masseo,JTaz,15,"7,0,8,0",4,GHSBR CORSE NATALIZIE 🎄🎅🏻🛷,https://www.youtube.com/watch?v=1-37_zgEGSw&list=PLpjVtignIWXX7r8liGH4Ip4-yw1mLkfIA&index=18
18,Masseo,Gabbo,12,"12,0,0,0",4,GHSBR CORSE NATALIZIE 🎄🎅🏻🛷,https://www.youtube.com/watch?v=1-37_zgEGSw&list=PLpjVtignIWXX7r8liGH4Ip4-yw1mLkfIA&index=18
18,Masseo,Dread,10,"0,0,10,0",4,GHSBR CORSE NATALIZIE 🎄🎅🏻🛷,https://www.youtube.com/watch?v=1-37_zgEGSw&list=PLpjVtignIWXX7r8liGH4Ip4-yw1mLkfIA&index=18
19,Rohn,Delux,54,"15,12,15,12",4,SDROGO CORSE NATALIZIE - A NATALE [NON] SIAMO TUTTI PIU BUONI.,https://www.youtube.com/watch?v=RoX-k3VxJpw&list=PLpjVtignIWXX7r8liGH4Ip4-yw1mLkfIA&index=19
19,Rohn,Rohn,38,"8,15,7,8",4,SDROGO CORSE NATALIZIE - A NATALE [NON] SIAMO TUTTI PIU BUONI.,https://www.youtube.com/watch?v=RoX-k3VxJpw&list=PLpjVtignIWXX7r8liGH4Ip4-yw1mLkfIA&index=19
19,Rohn,JTaz,36,"12,8,10,6",4,SDROGO CORSE NATALIZIE - A NATALE [NON] SIAMO TUTTI PIU BUONI.,https://www.youtube.com/watch?v=RoX-k3VxJpw&list=PLpjVtignIWXX7r8liGH4Ip4-yw1mLkfIA&index=19
19,Rohn,Dread,35,"10,10,8,7",4,SDROGO CORSE NATALIZIE - A NATALE [NON] SIAMO TUTTI PIU BUONI.,https://www.youtube.com/watch?v=RoX-k3VxJpw&list=PLpjVtignIWXX7r8liGH4Ip4-yw1mLkfIA&index=19
19,Rohn,Masseo,29,"7,0,12,10",4,SDROGO CORSE NATALIZIE - A NATALE [NON] SIAMO TUTTI PIU BUONI.,https://www.youtube.com/watch?v=RoX-k3VxJpw&list=PLpjVtignIWXX7r8liGH4Ip4-yw1mLkfIA&index=19
19,Rohn,Gabbo,21,"0,0,6,15",4,SDROGO CORSE NATALIZIE - A NATALE [NON] SIAMO TUTTI PIU BUONI.,https://www.youtube.com/watch?v=RoX-k3VxJpw&list=PLpjVtignIWXX7r8liGH4Ip4-yw1mLkfIA&index=19
20,Gabbo,Gabbo,41,"12,12,10,7",4,LE SDROGO CORSE 'NATALIZIE' 2025,https://www.youtube.com/watch?v=RQDaiXIOQOY&list=PLpjVtignIWXX7r8liGH4Ip4-yw1mLkfIA&index=20
20,Gabbo,JTaz,38,"0,8,15,15",4,LE SDROGO CORSE 'NATALIZIE' 2025,https://www.youtube.com/watch?v=RQDaiXIOQOY&list=PLpjVtignIWXX7r8liGH4Ip4-yw1mLkfIA&index=20
20,Gabbo,Dread,35,"0,15,12,8",4,LE SDROGO CORSE 'NATALIZIE' 2025,https://www.youtube.com/watch?v=RQDaiXIOQOY&list=PLpjVtignIWXX7r8liGH4Ip4-yw1mLkfIA&index=20
20,Gabbo,Delux,33,"15,6,0,12",4,LE SDROGO CORSE 'NATALIZIE' 2025,https://www.youtube.com/watch?v=RQDaiXIOQOY&list=PLpjVtignIWXX7r8liGH4Ip4-yw1mLkfIA&index=20
20,Gabbo,Masseo,27,"10,7,0,10",4,LE SDROGO CORSE 'NATALIZIE' 2025,https://www.youtube.com/watch?v=RQDaiXIOQOY&list=PLpjVtignIWXX7r8liGH4Ip4-yw1mLkfIA&index=20
20,Gabbo,Rohn,10,"0,10,0,0",4,LE SDROGO CORSE 'NATALIZIE' 2025,https://www.youtube.com/watch?v=RQDaiXIOQOY&list=PLpjVtignIWXX7r8liGH4Ip4-yw1mLkfIA&index=20
21,Dread,Gabbo,41,"12,12,7,10",4,"SDROGO CORSE di CAPODANNO con Dread, Rohn, Gabbo, Masseo, Delux, JTaz",https://www.youtube.com/watch?v=KqsDkS8YRMM&list=PLpjVtignIWXX7r8liGH4Ip4-yw1mLkfIA&index=21
21,Dread,Masseo,40,"0,10,15,15",4,"SDROGO CORSE di CAPODANNO con Dread, Rohn, Gabbo, Masseo, Delux, JTaz",https://www.youtube.com/watch?v=KqsDkS8YRMM&list=PLpjVtignIWXX7r8liGH4Ip4-yw1mLkfIA&index=21
21,Dread,Dread,39,"15,7,10,7",4,"SDROGO CORSE di CAPODANNO con Dread, Rohn, Gabbo, Masseo, Delux, JTaz",https://www.youtube.com/watch?v=KqsDkS8YRMM&list=PLpjVtignIWXX7r8liGH4Ip4-yw1mLkfIA&index=21
21,Dread,Delux,38,"10,8,12,8",4,"SDROGO CORSE di CAPODANNO con Dread, Rohn, Gabbo, Masseo, Delux, JTaz",https://www.youtube.com/watch?v=KqsDkS8YRMM&list=PLpjVtignIWXX7r8liGH4Ip4-yw1mLkfIA&index=21
21,Dread,Rohn,35,"0,15,8,12",4,"SDROGO CORSE di CAPODANNO con Dread, Rohn, Gabbo, Masseo, Delux, JTaz",https://www.youtube.com/watch?v=KqsDkS8YRMM&list=PLpjVtignIWXX7r8liGH4Ip4-yw1mLkfIA&index=21
21,Dread,JTaz,18,"0,6,6,6",4,"SDROGO CORSE di CAPODANNO con Dread, Rohn, Gabbo, Masseo, Delux, JTaz",https://www.youtube.com/watch?v=KqsDkS8YRMM&list=PLpjVtignIWXX7r8liGH4Ip4-yw1mLkfIA&index=21
22,Rohn,Mollu,46,"15,6,15,10",4,"SDROGO CORSE IN UNA VALLE DI LACRIME con ROHN,DREAD,GABBO,DELUX,MOLLU e IL MASSEO",https://www.youtube.com/watch?v=HPX2BXzXxR8&list=PLpjVtignIWXX7r8liGH4Ip4-yw1mLkfIA&index=22&t=1086s
22,Rohn,Delux,39,"10,12,10,7",4,"SDROGO CORSE IN UNA VALLE DI LACRIME con ROHN,DREAD,GABBO,DELUX,MOLLU e IL MASSEO",https://www.youtube.com/watch?v=HPX2BXzXxR8&list=PLpjVtignIWXX7r8liGH4Ip4-yw1mLkfIA&index=22&t=1086s
22,Rohn,Dread,35,"0,15,8,12",4,"SDROGO CORSE IN UNA VALLE DI LACRIME con ROHN,DREAD,GABBO,DELUX,MOLLU e IL MASSEO",https://www.youtube.com/watch?v=HPX2BXzXxR8&list=PLpjVtignIWXX7r8liGH4Ip4-yw1mLkfIA&index=22&t=1086s
22,Rohn,Gabbo,32,"12,8,6,6",4,"SDROGO CORSE IN UNA VALLE DI LACRIME con ROHN,DREAD,GABBO,DELUX,MOLLU e IL MASSEO",https://www.youtube.com/watch?v=HPX2BXzXxR8&list=PLpjVtignIWXX7r8liGH4Ip4-yw1mLkfIA&index=22&t=1086s
22,Rohn,Masseo,30,"0,10,12,8",4,"SDROGO CORSE IN UNA VALLE DI LACRIME con ROHN,DREAD,GABBO,DELUX,MOLLU e IL MASSEO",https://www.youtube.com/watch?v=HPX2BXzXxR8&list=PLpjVtignIWXX7r8liGH4Ip4-yw1mLkfIA&index=22&t=1086s
22,Rohn,Rohn,29,"0,7,7,15",4,"SDROGO CORSE IN UNA VALLE DI LACRIME con ROHN,DREAD,GABBO,DELUX,MOLLU e IL MASSEO",https://www.youtube.com/watch?v=HPX2BXzXxR8&list=PLpjVtignIWXX7r8liGH4Ip4-yw1mLkfIA&index=22&t=1086s
23,Delux,Delux,50,"8,15,12,15",4,LE PRIME CORSE DELL ANNO. | WELCOME TO ADDOBBOLAND #31,https://www.youtube.com/watch?v=UzVqg1FoE-4&list=PLpjVtignIWXX7r8liGH4Ip4-yw1mLkfIA&index=23&t=838s
23,Delux,Rohn,39,"12,12,15,0",4,LE PRIME CORSE DELL ANNO. | WELCOME TO ADDOBBOLAND #31,https://www.youtube.com/watch?v=UzVqg1FoE-4&list=PLpjVtignIWXX7r8liGH4Ip4-yw1mLkfIA&index=23&t=838s
23,Delux,Masseo,35,"15,0,10,10",4,LE PRIME CORSE DELL ANNO. | WELCOME TO ADDOBBOLAND #31,https://www.youtube.com/watch?v=UzVqg1FoE-4&list=PLpjVtignIWXX7r8liGH4Ip4-yw1mLkfIA&index=23&t=838s
23,Delux,JTaz,35,"7,8,8,12",4,LE PRIME CORSE DELL ANNO. | WELCOME TO ADDOBBOLAND #31,https://www.youtube.com/watch?v=UzVqg1FoE-4&list=PLpjVtignIWXX7r8liGH4Ip4-yw1mLkfIA&index=23&t=838s
23,Delux,Dread,27,"10,10,7,0",4,LE PRIME CORSE DELL ANNO. | WELCOME TO ADDOBBOLAND #31,https://www.youtube.com/watch?v=UzVqg1FoE-4&list=PLpjVtignIWXX7r8liGH4Ip4-yw1mLkfIA&index=23&t=838s
24,Masseo,JTaz,49,"12,10,12,15",4,GHSBR CORSE DELLO SLURP 💦🏁,https://www.youtube.com/watch?v=rgrX-2OhXAw&list=PLpjVtignIWXX7r8liGH4Ip4-yw1mLkfIA&index=24
24,Masseo,Masseo,40,"10,15,15,0",4,GHSBR CORSE DELLO SLURP 💦🏁,https://www.youtube.com/watch?v=rgrX-2OhXAw&list=PLpjVtignIWXX7r8liGH4Ip4-yw1mLkfIA&index=24
24,Masseo,Delux,40,"8,12,10,10",4,GHSBR CORSE DELLO SLURP 💦🏁,https://www.youtube.com/watch?v=rgrX-2OhXAw&list=PLpjVtignIWXX7r8liGH4Ip4-yw1mLkfIA&index=24
24,Masseo,Dread,29,"15,7,7,0",4,GHSBR CORSE DELLO SLURP 💦🏁,https://www.youtube.com/watch?v=rgrX-2OhXAw&list=PLpjVtignIWXX7r8liGH4Ip4-yw1mLkfIA&index=24
24,Masseo,Rohn,28,"0,8,8,12",4,GHSBR CORSE DELLO SLURP 💦🏁,https://www.youtube.com/watch?v=rgrX-2OhXAw&list=PLpjVtignIWXX7r8liGH4Ip4-yw1mLkfIA&index=24
25,Gabbo,Gabbo,45,"12,10,8,15",4,"SDROGO CORSE MALEDUCATE con Rohn, Dread, Delux, ilMasseo",https://www.youtube.com/watch?v=CXO2O0gcvDo&list=PLpjVtignIWXX7r8liGH4Ip4-yw1mLkfIA&index=25
25,Gabbo,Delux,40,"0,15,15,10",4,"SDROGO CORSE MALEDUCATE con Rohn, Dread, Delux, ilMasseo",https://www.youtube.com/watch?v=CXO2O0gcvDo&list=PLpjVtignIWXX7r8liGH4Ip4-yw1mLkfIA&index=25
25,Gabbo,Masseo,39,"8,12,7,12",4,"SDROGO CORSE MALEDUCATE con Rohn, Dread, Delux, ilMasseo",https://www.youtube.com/watch?v=CXO2O0gcvDo&list=PLpjVtignIWXX7r8liGH4Ip4-yw1mLkfIA&index=25
25,Gabbo,Rohn,30,"10,0,12,8",4,"SDROGO CORSE MALEDUCATE con Rohn, Dread, Delux, ilMasseo",https://www.youtube.com/watch?v=CXO2O0gcvDo&list=PLpjVtignIWXX7r8liGH4Ip4-yw1mLkfIA&index=25
25,Gabbo,Dread,25,"15,0,10,0",4,"SDROGO CORSE MALEDUCATE con Rohn, Dread, Delux, ilMasseo",https://www.youtube.com/watch?v=CXO2O0gcvDo&list=PLpjVtignIWXX7r8liGH4Ip4-yw1mLkfIA&index=25
26,Masseo,Masseo,54,"15,12,12,15",4,GHSBR Corse Rancide🤢🏁: IL TRADIMENTO,https://www.youtube.com/watch?v=PwpDXDlgsJg&list=PLpjVtignIWXX7r8liGH4Ip4-yw1mLkfIA&index=26&t=20s
26,Masseo,Rohn,47,"12,8,15,12",4,GHSBR Corse Rancide🤢🏁: IL TRADIMENTO,https://www.youtube.com/watch?v=PwpDXDlgsJg&list=PLpjVtignIWXX7r8liGH4Ip4-yw1mLkfIA&index=26&t=20s
26,Masseo,Delux,43,"10,15,8,10",4,GHSBR Corse Rancide🤢🏁: IL TRADIMENTO,https://www.youtube.com/watch?v=PwpDXDlgsJg&list=PLpjVtignIWXX7r8liGH4Ip4-yw1mLkfIA&index=26&t=20s
26,Masseo,Gabbo,27,"0,10,10,7",4,GHSBR Corse Rancide🤢🏁: IL TRADIMENTO,https://www.youtube.com/watch?v=PwpDXDlgsJg&list=PLpjVtignIWXX7r8liGH4Ip4-yw1mLkfIA&index=26&t=20s
26,Masseo,Dread,8,"0,0,0,8",4,GHSBR Corse Rancide🤢🏁: IL TRADIMENTO,https://www.youtube.com/watch?v=PwpDXDlgsJg&list=PLpjVtignIWXX7r8liGH4Ip4-yw1mLkfIA&index=26&t=20s
27,JTaz,Delux,62,"12,12,8,15,15",5,"ZUGU CORSE di NATALE a FEBBRAIO 🎄 con DREAD, ROHN, MASSEO, GABBO, DELUX, JTAZ",https://www.youtube.com/watch?v=n85nc42iEgo&list=PLpjVtignIWXX7r8liGH4Ip4-yw1mLkfIA&index=27&t=3s
27,JTaz,JTaz,43,"15,6,12,0,10",5,"ZUGU CORSE di NATALE a FEBBRAIO 🎄 con DREAD, ROHN, MASSEO, GABBO, DELUX, JTAZ",https://www.youtube.com/watch?v=n85nc42iEgo&list=PLpjVtignIWXX7r8liGH4Ip4-yw1mLkfIA&index=27&t=3s
27,JTaz,Masseo,41,"0,7,10,12,12",5,"ZUGU CORSE di NATALE a FEBBRAIO 🎄 con DREAD, ROHN, MASSEO, GABBO, DELUX, JTAZ",https://www.youtube.com/watch?v=n85nc42iEgo&list=PLpjVtignIWXX7r8liGH4Ip4-yw1mLkfIA&index=27&t=3s
27,JTaz,Dread,37,"0,15,15,0,7",5,"ZUGU CORSE di NATALE a FEBBRAIO 🎄 con DREAD, ROHN, MASSEO, GABBO, DELUX, JTAZ",https://www.youtube.com/watch?v=n85nc42iEgo&list=PLpjVtignIWXX7r8liGH4Ip4-yw1mLkfIA&index=27&t=3s
27,JTaz,Rohn,26,"0,8,0,10,8",5,"ZUGU CORSE di NATALE a FEBBRAIO 🎄 con DREAD, ROHN, MASSEO, GABBO, DELUX, JTAZ",https://www.youtube.com/watch?v=n85nc42iEgo&list=PLpjVtignIWXX7r8liGH4Ip4-yw1mLkfIA&index=27&t=3s
27,JTaz,Gabbo,26,"10,10,0,0,6",5,"ZUGU CORSE di NATALE a FEBBRAIO 🎄 con DREAD, ROHN, MASSEO, GABBO, DELUX, JTAZ",https://www.youtube.com/watch?v=n85nc42iEgo&list=PLpjVtignIWXX7r8liGH4Ip4-yw1mLkfIA&index=27&t=3s
28,Masseo,Gabbo,44,"10,15,12,7",4,GHSBR CORSE SVOLAZZANTI con @AroundDread @JustRoHn7 @GaBBoDSQ @oDeluxx,https://www.youtube.com/watch?v=xIHsqO3hYC0&list=PLpjVtignIWXX7r8liGH4Ip4-yw1mLkfIA&index=28
28,Masseo,Rohn,42,"8,10,10,15",4,GHSBR CORSE SVOLAZZANTI con @AroundDread @JustRoHn7 @GaBBoDSQ @oDeluxx,https://www.youtube.com/watch?v=xIHsqO3hYC0&list=PLpjVtignIWXX7r8liGH4Ip4-yw1mLkfIA&index=28
28,Masseo,Delux,42,"7,12,15,8",4,GHSBR CORSE SVOLAZZANTI con @AroundDread @JustRoHn7 @GaBBoDSQ @oDeluxx,https://www.youtube.com/watch?v=xIHsqO3hYC0&list=PLpjVtignIWXX7r8liGH4Ip4-yw1mLkfIA&index=28
28,Masseo,Dread,38,"12,8,8,10",4,GHSBR CORSE SVOLAZZANTI con @AroundDread @JustRoHn7 @GaBBoDSQ @oDeluxx,https://www.youtube.com/watch?v=xIHsqO3hYC0&list=PLpjVtignIWXX7r8liGH4Ip4-yw1mLkfIA&index=28
28,Masseo,Masseo,34,"15,7,0,12",4,GHSBR CORSE SVOLAZZANTI con @AroundDread @JustRoHn7 @GaBBoDSQ @oDeluxx,https://www.youtube.com/watch?v=xIHsqO3hYC0&list=PLpjVtignIWXX7r8liGH4Ip4-yw1mLkfIA&index=28
29,Delux,Masseo,52,"12,15,10,15",4,ABBIAMO SBLOCCATO I POTERI AL MASSEO... WELCOME TO ADDOBBOLAND! #32,https://www.youtube.com/watch?v=HZoDpN9pAyQ&list=PLpjVtignIWXX7r8liGH4Ip4-yw1mLkfIA&index=29&t=13s
29,Delux,Delux,43,"15,8,8,12",4,ABBIAMO SBLOCCATO I POTERI AL MASSEO... WELCOME TO ADDOBBOLAND! #32,https://www.youtube.com/watch?v=HZoDpN9pAyQ&list=PLpjVtignIWXX7r8liGH4Ip4-yw1mLkfIA&index=29&t=13s
29,Delux,JTaz,32,"0,7,15,0",4,ABBIAMO SBLOCCATO I POTERI AL MASSEO... WELCOME TO ADDOBBOLAND! #32,https://www.youtube.com/watch?v=HZoDpN9pAyQ&list=PLpjVtignIWXX7r8liGH4Ip4-yw1mLkfIA&index=29&t=13s
29,Delux,Dread,24,"0,12,12,0",4,ABBIAMO SBLOCCATO I POTERI AL MASSEO... WELCOME TO ADDOBBOLAND! #32,https://www.youtube.com/watch?v=HZoDpN9pAyQ&list=PLpjVtignIWXX7r8liGH4Ip4-yw1mLkfIA&index=29&t=13s
29,Delux,Mollu,20,"10,10,0,0",4,ABBIAMO SBLOCCATO I POTERI AL MASSEO... WELCOME TO ADDOBBOLAND! #32,https://www.youtube.com/watch?v=HZoDpN9pAyQ&list=PLpjVtignIWXX7r8liGH4Ip4-yw1mLkfIA&index=29&t=13s
30,Masseo,Rohn,55,"15,15,15,10",4,GHSBR Corse del LUAME: La redenzione di Just Rohn 🏎️,https://www.youtube.com/watch?v=fyqZtnN2kfI&list=PLpjVtignIWXX7r8liGH4Ip4-yw1mLkfIA&index=30&t=1327s
30,Masseo,Gabbo,43,"10,10,8,15",4,GHSBR Corse del LUAME: La redenzione di Just Rohn 🏎️,https://www.youtube.com/watch?v=fyqZtnN2kfI&list=PLpjVtignIWXX7r8liGH4Ip4-yw1mLkfIA&index=30&t=1327s
30,Masseo,Mollu,37,"8,7,10,12",4,GHSBR Corse del LUAME: La redenzione di Just Rohn 🏎️,https://www.youtube.com/watch?v=fyqZtnN2kfI&list=PLpjVtignIWXX7r8liGH4Ip4-yw1mLkfIA&index=30&t=1327s
30,Masseo,Masseo,36,"12,12,12,0",4,GHSBR Corse del LUAME: La redenzione di Just Rohn 🏎️,https://www.youtube.com/watch?v=fyqZtnN2kfI&list=PLpjVtignIWXX7r8liGH4Ip4-yw1mLkfIA&index=30&t=1327s
30,Masseo,Dread,22,"7,8,7,0",4,GHSBR Corse del LUAME: La redenzione di Just Rohn 🏎️,https://www.youtube.com/watch?v=fyqZtnN2kfI&list=PLpjVtignIWXX7r8liGH4Ip4-yw1mLkfIA&index=30&t=1327s
31,JTaz,Mollu,50,"15,8,15,12",4,"ZUGU CORSE di COMPLEANNO 🎂 con DREAD, MASSEO, DELUX, MOLLU, JTAZ",https://www.youtube.com/watch?v=jecEK8EyZAs
31,JTaz,Delux,46,"8,15,8,15",4,"ZUGU CORSE di COMPLEANNO 🎂 con DREAD, MASSEO, DELUX, MOLLU, JTAZ",https://www.youtube.com/watch?v=jecEK8EyZAs
31,JTaz,Dread,44,"12,10,12,10",4,"ZUGU CORSE di COMPLEANNO 🎂 con DREAD, MASSEO, DELUX, MOLLU, JTAZ",https://www.youtube.com/watch?v=jecEK8EyZAs
31,JTaz,JTaz,29,"10,12,7,0",4,"ZUGU CORSE di COMPLEANNO 🎂 con DREAD, MASSEO, DELUX, MOLLU, JTAZ",https://www.youtube.com/watch?v=jecEK8EyZAs
31,JTaz,Masseo,25,"0,7,10,8",4,"ZUGU CORSE di COMPLEANNO 🎂 con DREAD, MASSEO, DELUX, MOLLU, JTAZ",https://www.youtube.com/watch?v=jecEK8EyZAs
